date,cases_new,cases_active,cases_recovered,cases_import,cases_unvax,cases_pvax,cases_fvax,cases_boost,cases_adult
2020-01-25,4,4,0,4,4,0,0,0,1
2020-01-26,0,4,0,0,0,0,0,0,0
2020-01-27,0,4,0,0,0,0,0,0,0
2020-01-28,0,4,0,0,0,0,0,0,0
2020-01-29,3,7,0,3,3,0,0,0,2
2020-01-30,1,8,0,1,1,0,0,0,1
2020-01-31,0,8,0,0,0,0,0,0,0
2020-02-01,0,8,0,0,0,0,0,0,0
2020-02-02,0,8,0,0,0,0,0,0,0
2020-02-03,0,8,0,0,0,0,0,0,0
2020-02-04,2,10,0,2,2,0,0,0,1
2020-02-05,2,11,1,2,2,0,0,0,1
2020-02-06,2,13,0,1,2,0,0,0,2
2020-02-07,1,14,0,1,1,0,0,0,1
2020-02-08,1,14,1,1,1,0,0,0,0
2020-02-09,1,14,1,0,1,0,0,0,0
2020-02-10,1,15,0,1,1,0,0,0,1
2020-02-11,0,15,0,0,0,0,0,0,0
2020-02-12,0,15,0,0,0,0,0,0,0
2020-02-13,0,15,0,0,0,0,0,0,0
2020-02-14,1,12,4,1,1,0,0,0,1
2020-02-15,3,14,1,3,3,0,0,0,2
2020-02-16,0,14,0,0,0,0,0,0,0
2020-02-17,0,11,3,0,0,0,0,0,0
2020-02-18,0,9,2,0,0,0,0,0,0
2020-02-19,0,5,4,0,0,0,0,0,0
2020-02-20,0,5,0,0,0,0,0,0,0
2020-02-21,0,5,0,0,0,0,0,0,0
2020-02-22,0,4,1,0,0,0,0,0,0
2020-02-23,0,4,0,0,0,0,0,0,0
2020-02-24,0,2,2,0,0,0,0,0,0
2020-02-25,0,2,0,0,0,0,0,0,0
2020-02-26,0,2,0,0,0,0,0,0,0
2020-02-27,1,1,2,1,1,0,0,0,1
2020-02-28,2,3,0,2,2,0,0,0,2
2020-02-29,0,3,0,0,0,0,0,0,0
2020-03-01,4,7,0,1,4,0,0,0,4
2020-03-02,0,7,0,0,0,0,0,0,0
2020-03-03,7,14,0,1,7,0,0,0,7
2020-03-04,14,27,1,0,14,0,0,0,10
2020-03-05,5,32,0,0,5,0,0,0,3
2020-03-06,28,60,0,1,28,0,0,0,23
2020-03-07,10,69,1,2,10,0,0,0,7
2020-03-08,6,74,1,0,6,0,0,0,5
2020-03-09,18,91,1,2,18,0,0,0,12
2020-03-10,12,103,0,0,12,0,0,0,11
2020-03-11,20,122,1,3,20,0,0,0,10
2020-03-12,9,125,6,1,9,0,0,0,6
2020-03-13,39,164,0,1,39,0,0,0,31
2020-03-14,41,201,4,1,41,0,0,0,34
2020-03-15,190,386,5,2,190,0,0,0,128
2020-03-16,125,511,0,6,125,0,0,0,85
2020-03-17,120,622,7,3,120,0,0,0,91
2020-03-18,117,728,11,8,117,0,0,0,78
2020-03-19,110,823,15,5,110,0,0,0,77
2020-03-20,130,940,12,6,130,0,0,0,96
2020-03-21,153,1062,27,11,153,0,0,0,106
2020-03-22,123,1156,25,21,123,0,0,0,95
2020-03-23,212,1343,20,29,212,0,0,0,155
2020-03-24,106,1423,24,19,106,0,0,0,71
2020-03-25,172,1576,16,35,172,0,0,0,114
2020-03-26,235,1790,16,27,235,0,0,0,168
2020-03-27,130,1874,44,19,130,0,0,0,95
2020-03-28,159,1966,61,22,159,0,0,0,113
2020-03-29,150,2043,68,17,150,0,0,0,109
2020-03-30,156,2105,90,16,156,0,0,0,117
2020-03-31,140,2182,58,17,140,0,0,0,100
2020-04-01,142,2214,108,15,142,0,0,0,103
2020-04-02,208,2298,122,36,208,0,0,0,142
2020-04-03,217,2450,60,21,217,0,0,0,164
2020-04-04,150,2509,88,17,150,0,0,0,111
2020-04-05,179,2596,90,21,179,0,0,0,114
2020-04-06,131,2489,236,19,131,0,0,0,77
2020-04-07,170,2578,80,19,170,0,0,0,112
2020-04-08,156,2567,166,20,156,0,0,0,101
2020-04-09,109,2553,121,20,109,0,0,0,84
2020-04-10,118,2446,222,20,118,0,0,0,84
2020-04-11,184,2462,165,10,184,0,0,0,116
2020-04-12,153,2497,113,14,153,0,0,0,84
2020-04-13,134,2462,168,8,134,0,0,0,99
2020-04-14,170,2427,202,12,170,0,0,0,124
2020-04-15,85,2341,169,4,85,0,0,0,55
2020-04-16,110,2330,119,3,110,0,0,0,62
2020-04-17,69,2197,201,6,69,0,0,0,44
2020-04-18,54,2116,135,6,54,0,0,0,37
2020-04-19,84,2104,95,48,84,0,0,0,66
2020-04-20,36,2041,98,13,36,0,0,0,26
2020-04-21,57,2042,54,18,57,0,0,0,43
2020-04-22,50,1987,103,5,50,0,0,0,33
2020-04-23,71,1967,90,20,71,0,0,0,39
2020-04-24,88,1933,121,15,88,0,0,0,38
2020-04-25,51,1883,99,4,51,0,0,0,19
2020-04-26,38,1821,100,5,38,0,0,0,22
2020-04-27,40,1765,95,5,40,0,0,0,18
2020-04-28,31,1720,75,10,31,0,0,0,17
2020-04-29,94,1758,55,72,94,0,0,0,84
2020-04-30,57,1729,84,26,57,0,0,0,44
2020-05-01,69,1759,39,12,69,0,0,0,35
2020-05-02,105,1747,116,11,105,0,0,0,87
2020-05-03,122,1781,87,52,122,0,0,0,89
2020-05-04,55,1765,71,7,55,0,0,0,42
2020-05-05,30,1710,83,1,30,0,0,0,23
2020-05-06,45,1620,135,1,45,0,0,0,33
2020-05-07,39,1584,74,1,39,0,0,0,25
2020-05-08,68,1564,88,4,68,0,0,0,65
2020-05-09,54,1552,65,1,54,0,0,0,47
2020-05-10,67,1522,96,0,67,0,0,0,58
2020-05-11,70,1504,88,13,70,0,0,0,56
2020-05-12,16,1409,110,3,16,0,0,0,8
2020-05-13,37,1386,58,4,37,0,0,0,32
2020-05-14,40,1356,70,0,40,0,0,0,23
2020-05-15,36,1304,88,1,36,0,0,0,20
2020-05-16,17,1248,73,6,17,0,0,0,14
2020-05-17,22,1211,59,5,22,0,0,0,17
2020-05-18,47,1213,44,21,47,0,0,0,36
2020-05-19,37,1219,31,2,37,0,0,0,22
2020-05-20,31,1190,60,10,31,0,0,0,24
2020-05-21,50,1149,90,3,50,0,0,0,12
2020-05-22,78,1164,63,26,78,0,0,0,39
2020-05-23,48,1159,53,4,48,0,0,0,41
2020-05-24,60,1186,33,7,60,0,0,0,51
2020-05-25,172,1324,34,5,172,0,0,0,89
2020-05-26,187,1449,62,10,187,0,0,0,107
2020-05-27,15,1422,42,6,15,0,0,0,12
2020-05-28,10,1346,86,0,10,0,0,0,5
2020-05-29,103,1383,66,7,103,0,0,0,71
2020-05-30,30,1318,95,3,30,0,0,0,11
2020-05-31,57,1352,23,10,57,0,0,0,48
2020-06-01,38,1339,51,26,38,0,0,0,31
2020-06-02,20,1293,66,15,20,0,0,0,19
2020-06-03,93,1325,61,0,93,0,0,0,57
2020-06-04,277,1573,28,2,277,0,0,0,255
2020-06-05,19,1540,51,7,19,0,0,0,11
2020-06-06,37,1552,25,8,37,0,0,0,23
2020-06-07,19,1532,39,6,19,0,0,0,13
2020-06-08,7,1519,20,2,7,0,0,0,6
2020-06-09,7,1245,281,6,7,0,0,0,6
2020-06-10,2,1207,39,1,2,0,0,0,2
2020-06-11,31,1186,51,11,31,0,0,0,28
2020-06-12,33,1114,103,16,33,0,0,0,23
2020-06-13,43,1014,143,5,43,0,0,0,21
2020-06-14,8,987,35,2,8,0,0,0,3
2020-06-15,41,974,54,3,41,0,0,0,27
2020-06-16,11,652,333,1,11,0,0,0,9
2020-06-17,10,522,140,0,10,0,0,0,4
2020-06-18,14,409,127,3,14,0,0,0,13
2020-06-19,6,345,70,2,6,0,0,0,4
2020-06-20,21,290,76,2,21,0,0,0,4
2020-06-21,16,296,10,3,16,0,0,0,14
2020-06-22,15,290,21,2,15,0,0,0,15
2020-06-23,3,284,9,0,3,0,0,0,2
2020-06-24,6,245,45,2,6,0,0,0,5
2020-06-25,4,209,40,3,4,0,0,0,3
2020-06-26,6,192,23,5,6,0,0,0,4
2020-06-27,10,188,14,4,10,0,0,0,7
2020-06-28,18,196,10,4,18,0,0,0,17
2020-06-29,3,183,16,1,3,0,0,0,2
2020-06-30,2,165,20,1,2,0,0,0,2
2020-07-01,1,145,21,1,1,0,0,0,1
2020-07-02,3,86,62,1,3,0,0,0,3
2020-07-03,5,82,9,3,5,0,0,0,4
2020-07-04,10,77,15,7,10,0,0,0,6
2020-07-05,5,78,4,3,5,0,0,0,3
2020-07-06,5,72,11,3,5,0,0,0,5
2020-07-07,6,73,5,4,6,0,0,0,6
2020-07-08,3,71,5,3,3,0,0,0,3
2020-07-09,6,64,13,6,6,0,0,0,4
2020-07-10,13,64,12,8,13,0,0,0,9
2020-07-11,8,68,4,4,8,0,0,0,6
2020-07-12,14,78,4,3,14,0,0,0,12
2020-07-13,7,84,1,6,7,0,0,0,6
2020-07-14,4,84,4,4,4,0,0,0,4
2020-07-15,5,87,2,1,5,0,0,0,5
2020-07-16,3,78,12,1,3,0,0,0,3
2020-07-17,18,92,3,10,18,0,0,0,12
2020-07-18,9,96,5,4,9,0,0,0,6
2020-07-19,15,104,7,4,15,0,0,0,12
2020-07-20,21,123,2,6,21,0,0,0,9
2020-07-21,15,131,7,4,15,0,0,0,13
2020-07-22,16,143,4,8,16,0,0,0,12
2020-07-23,9,144,8,3,9,0,0,0,8
2020-07-24,21,162,3,5,21,0,0,0,18
2020-07-25,23,168,17,6,23,0,0,0,20
2020-07-26,13,174,6,3,13,0,0,0,12
2020-07-27,7,180,1,4,7,0,0,0,5
2020-07-28,39,213,6,11,39,0,0,0,29
2020-07-29,13,220,5,8,13,0,0,0,11
2020-07-30,8,223,5,3,8,0,0,0,5
2020-07-31,12,208,27,5,12,0,0,0,11
2020-08-01,9,214,3,7,9,0,0,0,6
2020-08-02,14,211,17,1,14,0,0,0,9
2020-08-03,2,209,4,0,2,0,0,0,1
2020-08-04,1,194,16,0,1,0,0,0,1
2020-08-05,21,197,18,15,21,0,0,0,16
2020-08-06,15,201,11,5,15,0,0,0,12
2020-08-07,25,211,15,9,25,0,0,0,18
2020-08-08,7,171,47,6,7,0,0,0,7
2020-08-09,13,175,9,9,13,0,0,0,12
2020-08-10,11,167,19,5,11,0,0,0,10
2020-08-11,9,170,6,5,9,0,0,0,8
2020-08-12,11,173,8,8,11,0,0,0,9
2020-08-13,15,184,4,4,15,0,0,0,12
2020-08-14,20,197,7,7,20,0,0,0,18
2020-08-15,26,220,3,3,26,0,0,0,18
2020-08-16,25,217,28,16,25,0,0,0,20
2020-08-17,12,212,17,2,12,0,0,0,7
2020-08-18,7,193,26,4,7,0,0,0,2
2020-08-19,16,186,23,4,16,0,0,0,10
2020-08-20,5,184,7,5,5,0,0,0,5
2020-08-21,9,180,13,4,9,0,0,0,8
2020-08-22,8,184,4,3,8,0,0,0,7
2020-08-23,10,184,10,8,10,0,0,0,9
2020-08-24,7,185,6,2,7,0,0,0,7
2020-08-25,11,190,6,2,11,0,0,0,3
2020-08-26,6,189,7,1,6,0,0,0,2
2020-08-27,5,178,16,2,5,0,0,0,4
2020-08-28,10,152,36,8,10,0,0,0,8
2020-08-29,11,154,8,10,11,0,0,0,7
2020-08-30,17,160,10,15,17,0,0,0,13
2020-08-31,6,160,6,4,6,0,0,0,4
2020-09-01,14,152,21,5,14,0,0,0,11
2020-09-02,6,154,4,4,6,0,0,0,6
2020-09-03,14,164,4,4,14,0,0,0,8
2020-09-04,11,166,9,7,11,0,0,0,9
2020-09-05,6,151,21,4,6,0,0,0,5
2020-09-06,6,155,2,3,6,0,0,0,4
2020-09-07,62,208,9,6,62,0,0,0,56
2020-09-08,100,296,12,15,100,0,0,0,90
2020-09-09,24,313,7,6,24,0,0,0,13
2020-09-10,45,334,24,1,45,0,0,0,41
2020-09-11,182,502,14,1,182,0,0,0,176
2020-09-12,58,552,8,5,58,0,0,0,47
2020-09-13,47,592,7,2,47,0,0,0,42
2020-09-14,31,615,7,3,31,0,0,0,23
2020-09-15,23,632,6,10,23,0,0,0,17
2020-09-16,62,668,26,1,62,0,0,0,53
2020-09-17,21,674,15,5,21,0,0,0,15
2020-09-18,95,754,14,4,95,0,0,0,71
2020-09-19,20,722,51,3,20,0,0,0,10
2020-09-20,52,734,40,12,52,0,0,0,43
2020-09-21,57,751,40,6,57,0,0,0,35
2020-09-22,82,664,168,10,82,0,0,0,69
2020-09-23,147,771,39,4,147,0,0,0,131
2020-09-24,72,779,64,2,72,0,0,0,40
2020-09-25,110,859,30,4,110,0,0,0,75
2020-09-26,82,851,89,3,82,0,0,0,75
2020-09-27,150,950,50,4,150,0,0,0,80
2020-09-28,115,1010,54,3,115,0,0,0,84
2020-09-29,101,1061,50,4,101,0,0,0,75
2020-09-30,89,1122,28,3,89,0,0,0,71
2020-10-01,260,1335,47,1,260,0,0,0,136
2020-10-02,287,1539,81,0,287,0,0,0,253
2020-10-03,317,1734,121,0,317,0,0,0,258
2020-10-04,293,1958,67,1,293,0,0,0,258
2020-10-05,432,2330,57,3,432,0,0,0,366
2020-10-06,691,2933,87,3,691,0,0,0,616
2020-10-07,489,3345,74,2,489,0,0,0,400
2020-10-08,375,3697,18,4,375,0,0,0,264
2020-10-09,354,3859,188,2,354,0,0,0,277
2020-10-10,374,4157,73,2,374,0,0,0,298
2020-10-11,561,4582,133,8,561,0,0,0,402
2020-10-12,563,5033,109,1,563,0,0,0,302
2020-10-13,660,5339,350,2,660,0,0,0,490
2020-10-14,660,5762,233,6,660,0,0,0,496
2020-10-15,589,5940,409,3,589,0,0,0,358
2020-10-16,629,6318,245,2,629,0,0,0,443
2020-10-17,869,6879,302,0,869,0,0,0,659
2020-10-18,871,7047,701,5,871,0,0,0,578
2020-10-19,865,7450,455,7,865,0,0,0,617
2020-10-20,862,7674,634,2,862,0,0,0,647
2020-10-21,732,7819,580,8,732,0,0,0,514
2020-10-22,847,8169,486,5,847,0,0,0,607
2020-10-23,710,8403,467,1,710,0,0,0,563
2020-10-24,1228,8957,671,11,1228,0,0,0,925
2020-10-25,823,9195,579,0,823,0,0,0,611
2020-10-26,1240,9742,691,2,1240,0,0,0,1027
2020-10-27,835,9901,674,5,835,0,0,0,481
2020-10-28,801,10119,573,2,801,0,0,0,581
2020-10-29,649,10079,685,7,649,0,0,0,500
2020-10-30,799,10384,491,0,799,0,0,0,629
2020-10-31,659,10038,1000,1,659,0,0,0,473
2020-11-01,957,10020,972,0,957,0,0,0,684
2020-11-02,834,9952,900,3,834,0,0,0,613
2020-11-03,1054,10129,875,14,1054,0,0,0,812
2020-11-04,1032,10340,820,3,1032,0,0,0,767
2020-11-05,1009,10504,839,9,1009,0,0,0,782
2020-11-06,1755,11531,726,3,1755,0,0,0,1371
2020-11-07,1168,11667,1029,0,1168,0,0,0,882
2020-11-08,852,11690,825,13,852,0,0,0,641
2020-11-09,972,11309,1345,5,972,0,0,0,648
2020-11-10,869,11447,725,1,869,0,0,0,666
2020-11-11,822,11498,769,7,822,0,0,0,684
2020-11-12,919,11420,996,3,919,0,0,0,697
2020-11-13,1304,11823,900,4,1304,0,0,0,1029
2020-11-14,1114,12132,803,2,1114,0,0,0,917
2020-11-15,1208,12324,1013,6,1208,0,0,0,1018
2020-11-16,1103,12602,821,1,1103,0,0,0,928
2020-11-17,1210,12789,1018,19,1210,0,0,0,1003
2020-11-18,660,12815,630,4,660,0,0,0,532
2020-11-19,1290,13223,878,5,1290,0,0,0,1071
2020-11-20,958,13222,956,5,958,0,0,0,645
2020-11-21,1041,12855,1405,2,1041,0,0,0,887
2020-11-22,1096,12844,1104,6,1096,0,0,0,925
2020-11-23,1884,13843,883,2,1884,0,0,0,1164
2020-11-24,2188,14354,1673,0,2188,0,0,0,870
2020-11-25,970,12972,2348,5,970,0,0,0,772
2020-11-26,935,11349,2555,4,935,0,0,0,704
2020-11-27,1109,11308,1148,10,1109,0,0,0,911
2020-11-28,1315,11509,1110,5,1315,0,0,0,1122
2020-11-29,1309,11482,1333,1,1309,0,0,0,1131
2020-11-30,1212,10579,2112,9,1212,0,0,0,1050
2020-12-01,1472,10497,1552,5,1472,0,0,0,1099
2020-12-02,851,10688,658,4,851,0,0,0,663
2020-12-03,1075,10804,948,3,1075,0,0,0,826
2020-12-04,1141,10801,1144,3,1141,0,0,0,744
2020-12-05,1123,10777,1143,5,1123,0,0,0,901
2020-12-06,1335,11040,1069,3,1335,0,0,0,1088
2020-12-07,1600,11605,1033,3,1600,0,0,0,1306
2020-12-08,1012,10863,1750,7,1012,0,0,0,839
2020-12-09,959,10749,1068,6,959,0,0,0,674
2020-12-10,2234,11868,1112,5,2234,0,0,0,2011
2020-12-11,1810,12735,937,11,1810,0,0,0,1458
2020-12-12,1937,13752,911,2,1937,0,0,0,1671
2020-12-13,1229,13668,1309,2,1229,0,0,0,1003
2020-12-14,1371,13831,1204,1,1371,0,0,0,1175
2020-12-15,1772,14516,1084,12,1772,0,0,0,1480
2020-12-16,1295,14752,1052,10,1295,0,0,0,1115
2020-12-17,1220,14672,1297,6,1220,0,0,0,957
2020-12-18,1683,15141,1214,8,1683,0,0,0,1377
2020-12-19,1153,15295,998,2,1153,0,0,0,974
2020-12-20,1340,15564,1067,3,1340,0,0,0,1119
2020-12-21,2018,16497,1084,7,2018,0,0,0,1848
2020-12-22,2062,17647,911,4,2062,0,0,0,1776
2020-12-23,1348,18280,710,16,1348,0,0,0,1081
2020-12-24,1581,18774,1085,2,1581,0,0,0,1286
2020-12-25,1247,18577,1441,2,1247,0,0,0,961
2020-12-26,2335,20036,874,11,2335,0,0,0,1793
2020-12-27,1196,20234,997,5,1196,0,0,0,875
2020-12-28,1594,20644,1181,3,1594,0,0,0,1299
2020-12-29,1925,21444,1123,10,1925,0,0,0,1547
2020-12-30,1870,22563,745,2,1870,0,0,0,1306
2020-12-31,2525,23599,1481,13,2525,0,0,0,2156
2021-01-01,2068,23434,2230,2,2068,0,0,0,1715
2021-01-02,2295,22399,3321,9,2295,0,0,0,1895
2021-01-03,1704,21366,2726,5,1704,0,0,0,1307
2021-01-04,1741,22090,1010,8,1741,0,0,0,1346
2021-01-05,2027,22885,1221,16,2027,0,0,0,1610
2021-01-06,2593,24348,1129,4,2593,0,0,0,1968
2021-01-07,3027,25222,2145,6,3027,0,0,0,1594
2021-01-08,2643,25141,2708,2,2643,0,0,0,2200
2021-01-09,2451,26186,1401,5,2451,0,0,0,2002
2021-01-10,2433,27333,1277,7,2433,0,0,0,1900
2021-01-11,2232,28555,1006,5,2232,0,0,0,1657
2021-01-12,3309,30391,1469,6,3309,0,0,0,2681
2021-01-13,2985,32378,994,2,2985,0,0,0,2354
2021-01-14,3337,33990,1710,7,3337,0,0,0,2620
2021-01-15,3211,35254,1939,5,3211,0,0,0,2471
2021-01-16,4029,37127,2148,8,4029,0,0,0,3209
2021-01-17,3339,37783,2676,15,3339,0,0,0,2399
2021-01-18,3306,38792,2293,7,3306,0,0,0,2552
2021-01-19,3631,39465,2944,7,3631,0,0,0,2840
2021-01-20,4008,41088,2374,5,4008,0,0,0,3210
2021-01-21,3170,41756,2490,8,3170,0,0,0,2365
2021-01-22,3631,42815,2554,6,3631,0,0,0,2709
2021-01-23,4275,42770,4313,11,4275,0,0,0,3337
2021-01-24,3346,41678,4427,7,3346,0,0,0,2445
2021-01-25,3048,41077,3638,8,3047,1,0,0,2309
2021-01-26,3585,40575,4076,2,3585,0,0,0,2797
2021-01-27,3680,42390,1858,6,3680,0,0,0,2847
2021-01-28,4094,43193,3281,8,4094,0,0,0,3217
2021-01-29,5725,45479,3423,7,5725,0,0,0,4215
2021-01-30,5728,47389,3805,5,5728,0,0,0,4459
2021-01-31,5298,48151,4522,3,5298,0,0,0,4171
2021-02-01,4214,48075,4280,9,4214,0,0,0,3190
2021-02-02,3455,47848,3661,5,3454,1,0,0,2370
2021-02-03,4284,48310,3804,6,4284,0,0,0,3614
2021-02-04,4571,48772,4092,3,4570,1,0,0,3502
2021-02-05,3391,48752,3392,4,3391,0,0,0,2579
2021-02-06,3847,50895,1692,4,3847,0,0,0,2855
2021-02-07,3731,51242,3369,8,3731,0,0,0,2816
2021-02-08,3100,51978,2340,1,3100,0,0,0,2624
2021-02-09,2764,50842,3887,6,2764,0,0,0,2169
2021-02-10,3288,52187,1929,5,3288,0,0,0,2283
2021-02-11,3384,51796,3774,15,3384,0,0,0,2668
2021-02-12,3318,51591,3505,7,3318,0,0,0,2789
2021-02-13,3499,51569,3515,1,3499,0,0,0,2631
2021-02-14,2464,49500,4525,3,2464,0,0,0,1920
2021-02-15,2176,47144,4521,1,2176,0,0,0,1683
2021-02-16,2720,44137,5718,0,2720,0,0,0,2012
2021-02-17,2998,41403,5709,7,2998,0,0,0,2375
2021-02-18,2712,38794,5320,4,2712,0,0,0,2122
2021-02-19,2936,36802,4889,9,2936,0,0,0,2415
2021-02-20,2461,34472,4782,0,2461,0,0,0,1857
2021-02-21,3297,33307,4456,6,3296,1,0,0,2865
2021-02-22,2192,32078,3414,3,2192,0,0,0,1801
2021-02-23,2468,30471,4055,4,2468,0,0,0,1932
2021-02-24,3545,30673,3331,1,3545,0,0,0,2932
2021-02-25,1924,28832,3752,6,1924,0,0,0,1469
2021-02-26,2253,27990,3085,7,2253,0,0,0,1812
2021-02-27,2364,27024,3320,1,2364,0,0,0,1862
2021-02-28,2437,26201,3251,1,2437,0,0,0,2039
2021-03-01,1828,25538,2486,7,1828,0,0,0,1443
2021-03-02,1555,24559,2528,3,1555,0,0,0,1202
2021-03-03,1745,24021,2276,2,1744,1,0,0,1443
2021-03-04,2063,23157,2922,9,2062,1,0,0,1570
2021-03-05,2154,22030,3275,5,2151,3,0,0,1214
2021-03-06,1680,21155,2548,3,1678,2,0,0,1143
2021-03-07,1683,20329,2506,10,1680,3,0,0,1235
2021-03-08,1529,19774,2076,9,1522,7,0,0,1152
2021-03-09,1280,18700,2345,2,1277,3,0,0,1028
2021-03-10,1448,18006,2137,10,1446,2,0,0,1161
2021-03-11,1647,17540,2104,5,1628,19,0,0,1291
2021-03-12,1575,17070,2042,7,1570,5,0,0,1123
2021-03-13,1470,16707,1830,12,1453,17,0,0,1050
2021-03-14,1354,16275,1782,14,1341,12,1,0,1004
2021-03-15,1208,15507,1973,9,1192,15,1,0,890
2021-03-16,1063,15200,1365,4,1049,13,1,0,767
2021-03-17,1219,15071,1346,7,1205,14,0,0,790
2021-03-18,1213,14778,1503,6,1200,13,0,0,860
2021-03-19,1576,14356,1996,11,1560,15,1,0,1233
2021-03-20,1671,14438,1585,2,1650,21,0,0,1333
2021-03-21,1327,14514,1247,11,1312,15,0,0,1048
2021-03-22,1116,14130,1495,8,1110,6,0,0,903
2021-03-23,1384,14455,1058,9,1363,20,1,0,1096
2021-03-24,1268,14638,1083,5,1251,17,0,0,988
2021-03-25,1360,14505,1491,1,1343,17,0,0,992
2021-03-26,1275,14270,1509,32,1264,10,1,0,918
2021-03-27,1199,14210,1257,5,1187,12,0,0,799
2021-03-28,1302,14381,1127,9,1290,12,0,0,983
2021-03-29,941,14220,1097,8,929,12,0,0,708
2021-03-30,1133,14201,1148,8,1117,15,1,0,859
2021-03-31,1482,14605,1070,2,1462,20,0,0,1166
2021-04-01,1178,14400,1377,20,1170,8,0,0,871
2021-04-02,1294,14247,1442,26,1286,8,0,0,919
2021-04-03,1638,14433,1449,7,1629,9,0,0,1275
2021-04-04,1349,14510,1270,7,1341,8,0,0,885
2021-04-05,1070,14279,1294,9,1060,10,0,0,783
2021-04-06,1300,14162,1412,24,1289,10,1,0,886
2021-04-07,1139,14098,1199,13,1122,17,0,0,811
2021-04-08,1285,14204,1175,17,1272,11,2,0,1014
2021-04-09,1854,14806,1247,20,1821,31,2,0,1349
2021-04-10,1510,15060,1248,5,1495,13,2,0,1077
2021-04-11,1739,15575,1216,8,1721,15,3,0,1300
2021-04-12,1317,15836,1052,12,1308,9,0,0,918
2021-04-13,1767,16301,1290,9,1758,7,2,0,1336
2021-04-14,1889,16697,1485,6,1869,16,4,0,1221
2021-04-15,2148,17576,1259,19,2131,11,6,0,1500
2021-04-16,2551,18601,1524,29,2530,17,4,0,1961
2021-04-17,2331,19095,1832,12,2306,22,3,0,1570
2021-04-18,2195,19855,1427,10,2174,18,3,0,1517
2021-04-19,2078,20523,1402,13,2060,15,3,0,1420
2021-04-20,2341,21269,1592,7,2322,15,4,0,1552
2021-04-21,2340,21688,1910,12,2317,15,8,0,1498
2021-04-22,2875,22015,2541,29,2841,29,5,0,1788
2021-04-23,2847,22513,2341,4,2810,23,14,0,1884
2021-04-24,2717,22927,2292,27,2676,29,12,0,1768
2021-04-25,2690,23754,1853,10,2658,25,7,0,1781
2021-04-26,2776,24714,1803,4,2746,23,7,0,1859
2021-04-27,2733,25415,2019,5,2696,22,15,0,1813
2021-04-28,3142,26720,1822,13,3099,28,15,0,2057
2021-04-29,3332,28094,1943,9,3283,38,11,0,2182
2021-04-30,3788,29228,2640,2,3730,39,19,0,2420
2021-05-01,2881,29632,2462,16,2826,40,15,0,1899
2021-05-02,3418,30340,2698,10,3368,38,12,0,2182
2021-05-03,2500,30754,2068,4,2468,24,8,0,1683
2021-05-04,3120,31517,2334,6,3062,36,22,0,2074
2021-05-05,3744,32940,2304,7,3673,48,23,0,2598
2021-05-06,3551,33763,2709,16,3485,44,22,0,2500
2021-05-07,4498,34790,3449,5,4419,62,17,0,2968
2021-05-08,4519,36565,2719,5,4451,52,16,0,3050
2021-05-09,3733,37061,3211,6,3665,43,25,0,2599
2021-05-10,3807,37397,3454,5,3721,63,23,0,2544
2021-05-11,3973,38500,2848,5,3895,46,32,0,2779
2021-05-12,4765,40102,3124,7,4677,62,26,0,3355
2021-05-13,4855,41583,3347,3,4748,77,30,0,3288
2021-05-14,4113,41472,4190,1,3999,89,25,0,2751
2021-05-15,4140,42136,3432,9,4013,92,35,0,2778
2021-05-16,3780,41890,3990,2,3674,82,24,0,2559
2021-05-17,4446,43507,2784,3,4327,86,33,0,2986
2021-05-18,4865,44828,3497,5,4730,88,47,0,3338
2021-05-19,6075,47341,3516,3,5906,102,67,0,4225
2021-05-20,6806,50172,3916,2,6615,118,73,0,4759
2021-05-21,6493,52107,4508,2,6298,106,89,0,4571
2021-05-22,6320,53683,4694,3,6107,127,86,0,4178
2021-05-23,6976,57023,3587,9,6739,135,102,0,4626
2021-05-24,6509,60019,3452,26,6297,119,93,0,4472
2021-05-25,7289,63459,3789,4,7060,132,97,0,4944
2021-05-26,7478,66209,4665,5,7246,125,107,0,5103
2021-05-27,7857,69409,4598,9,7582,147,128,0,5390
2021-05-28,8290,72824,4814,2,8026,150,114,0,5564
2021-05-29,9020,76219,5527,6,8709,165,146,0,6110
2021-05-30,6999,78018,5121,4,6763,142,94,0,4656
2021-05-31,6824,79524,5251,3,6586,136,102,0,4456
2021-06-01,7105,80475,6083,2,6828,154,123,0,4800
2021-06-02,7703,82275,5777,2,7394,167,142,0,5265
2021-06-03,8209,83332,7049,64,7928,143,138,0,5766
2021-06-04,7748,84370,6624,2,7445,181,122,0,5276
2021-06-05,7452,85608,6105,8,7173,157,122,0,5044
2021-06-06,6241,86629,5133,14,5962,167,112,0,4287
2021-06-07,5271,84270,7548,14,5002,148,121,0,3659
2021-06-08,5566,82798,6962,4,5338,143,85,0,3889
2021-06-09,6239,81576,7386,11,5970,154,115,0,4290
2021-06-10,5671,79849,7325,8,5392,155,124,0,3892
2021-06-11,6849,78865,7749,4,6543,196,110,0,4787
2021-06-12,5793,76248,8334,6,5524,161,108,0,3908
2021-06-13,5304,73325,8163,5,5057,156,91,0,3672
2021-06-14,4949,71626,6588,6,4687,170,92,0,3469
2021-06-15,5419,70113,6831,6,5137,183,99,0,3654
2021-06-16,5150,67950,7240,3,4837,220,93,0,3494
2021-06-17,5738,66098,7530,3,5425,208,105,0,4122
2021-06-18,6440,65603,6861,5,6132,198,110,0,4180
2021-06-19,5911,64524,6918,1,5535,269,107,0,4185
2021-06-20,5293,63816,5941,7,5011,208,74,0,3566
2021-06-21,4611,62919,5439,8,4301,228,82,0,3121
2021-06-22,4743,62028,5557,2,4375,277,91,0,3244
2021-06-23,5244,60817,6372,7,4809,334,101,0,3649
2021-06-24,5841,61163,5411,8,5349,377,115,0,4015
2021-06-25,5812,60118,6775,32,5354,324,134,0,4108
2021-06-26,5803,60647,5193,10,5293,395,115,0,4280
2021-06-27,5586,61396,4777,3,5032,422,132,0,4174
2021-06-28,5218,61813,4744,7,4766,341,111,0,3755
2021-06-29,6437,62845,5298,14,5849,426,162,0,4191
2021-06-30,6276,64130,4929,16,5602,504,170,0,4401
2021-07-01,6988,65454,5580,5,6165,647,176,0,4843
2021-07-02,6982,66085,6278,3,6190,590,202,0,5084
2021-07-03,6658,66959,5677,11,5883,590,185,0,4565
2021-07-04,6045,67670,5271,20,5293,591,161,0,4212
2021-07-05,6387,69448,4532,26,5552,623,212,0,4683
2021-07-06,7654,72202,4797,11,6700,736,218,0,4978
2021-07-07,7097,74345,4863,26,6155,728,214,0,5029
2021-07-08,8868,77276,5802,10,7544,1030,294,0,6533
2021-07-09,9180,80666,5713,7,7875,1016,289,0,6471
2021-07-10,9353,84022,5910,11,7915,1101,337,0,6453
2021-07-11,9105,87843,5194,18,7556,1209,340,0,6492
2021-07-12,8574,91273,5041,40,7153,1098,323,0,5993
2021-07-13,11079,96237,5990,27,9140,1475,464,0,7622
2021-07-14,11618,101360,6377,26,9324,1772,522,0,8196
2021-07-15,13215,108370,6095,13,10827,1876,512,0,9270
2021-07-16,12541,114054,6742,16,10133,1869,539,0,9043
2021-07-17,12528,119815,6629,19,10128,1917,483,0,8698
2021-07-18,10710,124594,5778,12,8630,1626,454,0,7633
2021-07-19,10972,128998,6439,48,8626,1854,492,0,7999
2021-07-20,12366,133704,7567,8,9648,2177,541,0,8856
2021-07-21,11985,137588,7902,7,9156,2247,582,0,8059
2021-07-22,13034,142052,8436,25,9648,2653,733,0,9161
2021-07-23,15573,147387,10094,32,11442,3342,789,0,10948
2021-07-24,15902,153634,9471,26,11668,3454,780,0,11395
2021-07-25,17045,160904,9683,6,12517,3618,910,0,12076
2021-07-26,14516,165842,9371,3,11040,2767,709,0,9783
2021-07-27,16117,170226,11526,26,11653,3538,926,0,11432
2021-07-28,17405,175115,12373,6,12145,4156,1104,0,12025
2021-07-29,17170,179181,12930,32,11875,4188,1107,0,12206
2021-07-30,16840,183708,12179,17,11553,4164,1123,0,11664
2021-07-31,17786,189611,11718,9,12099,4440,1247,0,12260
2021-08-01,17150,195275,11326,1,11255,4710,1185,0,11731
2021-08-02,15764,199053,11767,6,10315,4317,1132,0,10783
2021-08-03,17105,203666,12297,37,11010,4751,1344,0,11777
2021-08-04,19819,210524,12704,23,12681,5585,1553,0,13795
2021-08-05,20596,217063,13893,34,12261,6610,1725,0,14699
2021-08-06,20889,221398,16394,13,12084,6957,1848,0,14859
2021-08-07,19257,224123,16322,16,11158,6376,1723,0,13341
2021-08-08,18688,225396,17055,10,10973,5982,1733,0,13078
2021-08-09,17236,227233,15187,29,9999,5578,1659,0,11882
2021-08-10,19991,230765,16258,0,11445,6615,1931,0,13501
2021-08-11,20780,233361,17973,15,12080,6611,2089,0,14537
2021-08-12,21668,237024,17687,58,12209,7017,2442,0,15101
2021-08-13,21468,241190,17025,25,11824,7219,2425,0,14673
2021-08-14,20670,243945,17655,8,11427,6841,2402,0,14295
2021-08-15,20546,247264,16945,14,11191,6861,2494,0,14238
2021-08-16,19740,249280,17450,19,10590,6447,2703,0,13518
2021-08-17,19631,252151,16467,7,10674,6212,2745,0,13425
2021-08-18,22242,254488,19680,4,11857,7174,3211,0,15125
2021-08-19,22948,255538,21720,9,12454,7172,3322,0,16065
2021-08-20,23564,257421,21448,23,12108,7212,4244,0,16011
2021-08-21,22262,260884,18576,40,11436,6900,3926,0,14933
2021-08-22,19807,262259,18200,5,10486,5895,3426,0,13288
2021-08-23,17672,260704,19053,8,9058,5208,3406,0,11768
2021-08-24,20837,262717,18613,22,10599,6292,3946,0,14024
2021-08-25,22642,264296,20798,5,11183,6946,4513,0,15003
2021-08-26,24599,265845,22657,8,12365,7315,4919,0,16450
2021-08-27,22070,265699,21877,15,10533,6492,5045,0,15043
2021-08-28,22597,268552,19492,12,10424,6856,5317,0,14876
2021-08-29,20579,268001,20845,7,10010,5647,4922,0,13696
2021-08-30,19268,265718,21257,16,9327,5288,4653,0,12579
2021-08-31,20897,267868,18465,1,9490,5831,5576,0,14057
2021-09-01,18762,265279,21073,5,8299,4976,5487,0,12434
2021-09-02,20988,262545,23473,1,9557,5168,6263,0,13868
2021-09-03,19378,259194,22399,14,8598,4765,6015,0,12793
2021-09-04,19057,256307,21582,10,8308,4536,6213,0,12309
2021-09-05,20396,255794,20573,8,8852,4669,6875,0,13561
2021-09-06,17352,252673,20201,8,7306,4077,5969,0,11349
2021-09-07,18547,252007,18902,18,8142,4271,6134,0,12033
2021-09-08,19733,248678,22701,3,8191,4525,7017,0,13019
2021-09-09,19307,242808,24855,6,8020,4358,6929,0,12928
2021-09-10,21176,242167,21476,4,8437,4775,7964,0,13607
2021-09-11,19550,239354,21771,7,8187,4064,7299,0,12772
2021-09-12,19198,237280,20980,5,7478,3849,7871,0,12366
2021-09-13,16073,228127,24813,21,6304,3366,6403,0,10332
2021-09-14,15669,225280,18053,17,5993,3514,6162,0,10104
2021-09-15,19495,225593,18760,11,7516,3521,8458,0,12409
2021-09-16,18815,227123,16939,7,7028,3829,7958,0,12191
2021-09-17,17577,221343,22970,3,6503,3810,7264,0,11621
2021-09-18,15549,219363,17205,5,5572,3271,6706,0,9981
2021-09-19,14954,210472,23469,11,5555,2926,6473,0,9644
2021-09-20,14345,207702,16814,43,5150,2655,6540,0,9073
2021-09-21,15759,206477,16650,27,5520,2855,7384,0,10017
2021-09-22,14990,201278,19702,5,5290,2824,6876,0,9538
2021-09-23,13754,198288,16628,4,5122,2240,6392,0,8850
2021-09-24,14554,195841,16751,9,5046,2268,7240,0,9269
2021-09-25,13899,191438,18074,6,5015,1961,6923,0,8648
2021-09-26,13104,183293,20971,8,4409,2035,6660,0,8275
2021-09-27,10959,177564,16430,12,3707,1529,5723,0,6804
2021-09-28,11332,174496,14160,23,3800,1632,5900,0,7107
2021-09-29,12434,169722,17000,8,3975,1662,6797,0,7983
2021-09-30,12735,164540,17725,17,4141,1694,6900,0,7954
2021-10-01,11889,160417,15891,14,3748,1504,6636,1,7492
2021-10-02,10915,155827,15396,7,3652,1329,5934,0,6802
2021-10-03,9066,150321,14454,12,2911,1136,5019,0,5381
2021-10-04,8075,142864,15456,6,2642,1091,4342,0,5063
2021-10-05,8817,135949,15615,14,2577,1078,5162,0,5631
2021-10-06,9380,132179,13045,13,2922,1051,5407,0,5888
2021-10-07,9890,129053,12884,18,3029,1147,5714,0,6175
2021-10-08,9751,126002,12724,15,2939,1046,5766,0,6038
2021-10-09,8743,120249,14422,14,2601,950,5192,0,5276
2021-10-10,7373,116599,10959,2,2125,773,4474,1,4511
2021-10-11,6709,112382,10833,6,1952,669,4087,1,4087
2021-10-12,7276,109000,10555,10,2037,769,4469,1,4507
2021-10-13,7950,106050,10832,29,2166,782,5002,0,5006
2021-10-14,8084,101590,12456,21,2323,706,5055,0,5019
2021-10-15,7420,98776,10145,17,2178,585,4657,0,4664
2021-10-16,7509,96666,9531,16,2152,581,4776,0,4799
2021-10-17,6145,93517,9231,12,1794,500,3851,0,3836
2021-10-18,5434,90444,8435,5,1441,440,3553,0,3497
2021-10-19,5745,87187,8933,12,1620,405,3720,0,3725
2021-10-20,5516,83226,9401,14,1396,369,3749,2,3590
2021-10-21,6210,81778,7562,42,1645,432,4126,7,3949
2021-10-22,6630,80700,7630,15,1768,426,4430,6,4252
2021-10-23,5828,77308,9178,7,1610,370,3840,8,3711
2021-10-24,5666,75950,6978,20,1595,337,3718,16,3543
2021-10-25,4782,73226,7414,15,1326,257,3190,9,2944
2021-10-26,5726,73261,5607,15,1465,299,3954,8,3656
2021-10-27,6148,71716,7595,21,1616,309,4205,18,3940
2021-10-28,6377,71361,6637,32,1748,279,4331,19,4081
2021-10-29,6060,70061,7297,13,1548,262,4223,27,3905
2021-10-30,5854,69156,6715,13,1583,278,3979,14,3779
2021-10-31,4979,67972,6127,23,1264,182,3510,23,3241
2021-11-01,4626,67236,5299,6,1186,159,3257,24,2976
2021-11-02,5071,66865,5372,15,1314,182,3539,36,3291
2021-11-03,5291,67163,4947,7,1361,175,3718,37,3513
2021-11-04,5713,66947,5865,32,1444,156,4060,53,3734
2021-11-05,4922,66243,5579,10,1198,115,3564,45,3215
2021-11-06,4701,65508,5382,28,1240,116,3277,68,2999
2021-11-07,4343,64626,5190,9,1134,76,3073,60,2820
2021-11-08,4543,61763,7348,15,1140,89,3269,45,2924
2021-11-09,5403,61777,5311,25,1445,122,3774,62,3540
2021-11-10,6243,62893,5068,24,1479,147,4536,81,4208
2021-11-11,6323,63830,5337,25,1598,123,4534,68,4147
2021-11-12,6517,64280,6026,16,1564,105,4781,67,4288
2021-11-13,5809,65322,4712,27,1409,93,4224,83,3839
2021-11-14,5162,65420,5019,11,1250,82,3771,59,3256
2021-11-15,5143,65959,4551,13,1269,65,3746,63,3381
2021-11-16,5413,65319,6013,17,1333,85,3896,99,3508
2021-11-17,6288,66796,4743,22,1458,72,4672,86,4185
2021-11-18,6380,67361,5760,28,1534,72,4649,125,4253
2021-11-19,6355,68640,5031,31,1641,75,4518,121,4193
2021-11-20,5859,69488,4970,19,1477,69,4188,125,3846
2021-11-21,4854,68793,5525,12,1143,53,3569,89,3260
2021-11-22,4885,67987,5628,18,1165,48,3579,93,3205
2021-11-23,5594,68626,4908,24,1362,75,4050,107,3760
2021-11-24,5755,69262,5082,23,1420,73,4116,146,3798
2021-11-25,6144,68756,6602,12,1485,60,4474,125,4033
2021-11-26,5501,67548,6664,25,1319,54,4018,110,3722
2021-11-27,5097,67253,5352,17,1237,52,3697,111,3409
2021-11-28,4239,66456,5007,12,1030,32,3085,92,2818
2021-11-29,4087,65498,4984,21,1030,37,2935,85,2626
2021-11-30,4879,65154,5168,24,1123,55,3597,104,3290
2021-12-01,5439,63741,6803,21,1363,53,3900,123,3668
2021-12-02,5806,62254,7246,11,1322,38,4275,171,3875
2021-12-03,5551,62487,5301,23,1312,46,4044,149,3683
2021-12-04,4896,62671,4676,18,1141,56,3532,167,3298
2021-12-05,4298,62001,4928,23,1015,38,3095,150,2866
2021-12-06,4262,60331,5894,15,1034,38,3059,131,2804
2021-12-07,4965,60413,4817,29,1129,44,3645,147,3314
2021-12-08,5020,60880,4525,17,1159,41,3677,143,3434
2021-12-09,5446,60858,5427,20,1208,53,4032,153,3724
2021-12-10,5058,60875,4997,17,1225,41,3634,158,3410
2021-12-11,4626,60780,4690,20,1103,39,3339,145,3113
2021-12-12,3490,58854,5399,14,801,27,2530,132,2318
2021-12-13,3504,57928,4401,24,796,29,2569,110,2317
2021-12-14,4097,57676,4301,18,950,43,2966,138,2771
2021-12-15,3900,56991,4552,19,875,24,2858,143,2720
2021-12-16,4262,56231,4985,36,951,29,3110,172,2927
2021-12-17,4362,55477,5098,28,963,46,3174,179,2976
2021-12-18,4083,54096,5435,34,1015,22,2899,147,2757
2021-12-19,3108,53484,3701,37,688,22,2255,143,2152
2021-12-20,2589,52220,3810,46,650,21,1821,97,1659
2021-12-21,3140,51026,4277,58,737,24,2216,163,2054
2021-12-22,3519,49397,5118,100,819,28,2503,169,2369
2021-12-23,3510,47866,4997,95,752,17,2552,189,2387
2021-12-24,3528,46886,4483,103,768,26,2527,207,2409
2021-12-25,3160,45601,4420,156,671,12,2264,213,2131
2021-12-26,2778,44821,3539,129,638,12,1952,176,1855
2021-12-27,2757,42923,4620,147,587,15,1977,178,1854
2021-12-28,2897,42363,3434,192,602,15,2098,182,1957
2021-12-29,3683,41688,4322,239,726,18,2683,256,2530
2021-12-30,3997,41667,3984,366,881,18,2797,301,2674
2021-12-31,3573,41227,3988,343,737,20,2512,304,2495
2022-01-01,3386,41040,3547,346,769,16,2292,309,2296
2022-01-02,2882,40612,3291,333,583,18,2039,242,1980
2022-01-03,2690,39739,3535,300,538,20,1861,271,1816
2022-01-04,2842,39688,2862,332,673,14,1882,273,1875
2022-01-05,3270,39745,3195,252,705,16,2237,312,2197
2022-01-06,3543,39785,3484,364,777,18,2428,320,2387
2022-01-07,3381,39703,3447,319,743,17,2230,391,2249
2022-01-08,3251,39782,3161,299,709,17,2184,341,2200
2022-01-09,2888,39933,2714,323,557,15,1970,346,1945
2022-01-10,2641,39748,2808,338,570,18,1756,297,1709
2022-01-11,3175,39919,2977,272,703,17,2114,341,2080
2022-01-12,3198,39902,3200,303,707,27,2100,364,2151
2022-01-13,3684,40282,3292,321,801,16,2471,396,2482
2022-01-14,3346,40564,3052,267,748,23,2222,353,2301
2022-01-15,3074,40791,2828,319,665,12,2042,355,2112
2022-01-16,3010,41205,2584,263,629,14,2024,343,2048
2022-01-17,2342,40624,2907,180,485,13,1576,268,1473
2022-01-18,3245,40767,3093,274,627,15,2203,400,2033
2022-01-19,3229,41135,2848,239,635,18,2192,384,2095
2022-01-20,3764,41623,3254,522,737,25,2405,597,2388
2022-01-21,4046,42849,2804,489,701,27,2693,625,2525
2022-01-22,4116,44093,2858,498,751,27,2635,703,2695
2022-01-23,3856,45126,2814,492,746,17,2393,700,2500
2022-01-24,3214,45214,3116,406,601,12,2019,582,2012
2022-01-25,4066,45705,3559,442,768,20,2511,767,2594
2022-01-26,4744,46791,3646,429,937,26,2925,856,3160
2022-01-27,5439,47811,4409,332,969,32,3444,994,3450
2022-01-28,5522,50036,3285,373,1164,20,3268,1070,3758
2022-01-29,5139,51403,3767,226,1029,28,2996,1086,3434
2022-01-30,4915,53254,3056,188,1008,31,2798,1078,3306
2022-01-31,4774,54783,3232,152,1018,27,2613,1116,3134
2022-02-01,5566,57155,3187,227,1143,19,3100,1304,3811
2022-02-02,5736,59688,3196,183,1158,27,3189,1362,4054
2022-02-03,5720,61432,3968,130,1118,34,3050,1518,3981
2022-02-04,7234,63401,5254,234,1380,34,3769,2051,5105
2022-02-05,9117,65958,6546,134,1742,32,4508,2835,6393
2022-02-06,10089,69578,6460,143,2011,29,5000,3049,6938
2022-02-07,11034,74567,6036,77,2134,42,5505,3353,7591
2022-02-08,13944,83077,5421,153,2591,50,6800,4503,9578
2022-02-09,17134,94521,5681,130,3215,61,8547,5311,11794
2022-02-10,19090,107889,5712,134,3633,68,9221,6168,13392
2022-02-11,20939,122997,5807,121,3858,100,10126,6855,14686
2022-02-12,22802,140342,5442,94,4079,81,10832,7810,16321
2022-02-13,21072,155679,5724,65,3815,91,9774,7392,15081
2022-02-14,21315,168453,8517,81,3793,87,10399,7036,15373
2022-02-15,22133,182971,7584,80,3993,100,10389,7651,15673
2022-02-16,27831,202869,7912,118,5093,150,12933,9655,19788
2022-02-17,26701,217787,11744,132,4985,167,12308,9241,19004
2022-02-18,27808,233071,12488,119,5009,213,12598,9988,19726
2022-02-19,28825,243348,18514,91,5081,203,12815,10726,20581
2022-02-20,26832,251684,18459,68,4701,223,11770,10138,19331
2022-02-21,25099,258991,17749,85,4389,199,10936,9575,18041
2022-02-22,27179,267090,19037,120,4800,261,11774,10344,19424
2022-02-23,31199,277835,20399,119,5628,362,12931,12278,21944
2022-02-24,32070,286527,23332,209,5095,385,13060,13530,23538
2022-02-25,30644,294436,22678,257,5208,369,12261,12806,22540
2022-02-26,27299,298982,22710,256,4591,411,10487,11810,19914
2022-02-27,24466,301029,22380,246,4166,316,9221,10763,17716
2022-02-28,23100,293430,30624,298,3677,411,8512,10500,16748
2022-03-01,25854,293658,25548,448,4058,373,9418,12005,18785
2022-03-02,27500,293486,27557,428,4393,484,9701,12922,19879
2022-03-03,32467,298238,27629,413,4969,581,11485,15432,23662
2022-03-04,33209,305017,26352,441,5164,617,10958,16470,24396
2022-03-05,33406,311213,27143,342,4899,617,10847,17043,24815
2022-03-06,27435,308258,30335,254,4055,516,8670,14194,20164
2022-03-07,26856,304311,30726,211,3820,550,8778,13708,19679
2022-03-08,31490,306687,29035,473,4410,656,9771,16653,23306
2022-03-09,30246,310167,26653,418,4258,630,9089,16269,22251
2022-03-10,30787,314427,26457,608,4429,668,9082,16608,22491
2022-03-11,32800,322707,24444,541,4756,769,9105,18170,23961
2022-03-12,26250,323791,25089,545,3545,692,7134,14879,19372
2022-03-13,22535,320883,25356,361,3207,502,6042,12784,16449
2022-03-14,22030,308949,33872,394,3109,547,5798,12576,16293
2022-03-15,26534,304154,31234,691,3789,668,6577,15500,19292
2022-03-16,28298,299338,33009,697,4361,747,7150,16040,20743
2022-03-17,27004,296806,29450,719,3785,750,6314,16155,19763
2022-03-18,24241,294373,26615,521,3302,689,5887,14363,17754
2022-03-19,22341,283282,33347,524,3176,680,4977,13508,16138
2022-03-20,19105,274066,28250,386,2677,575,4215,11638,13991
2022-03-21,17828,263828,28003,407,2655,555,4093,10525,12703
2022-03-22,21483,252677,32561,394,2949,720,4603,13211,15613
2022-03-23,22491,248869,26234,382,3148,723,4688,13932,16423
2022-03-24,24316,247609,25512,297,3015,858,5135,15308,17734
2022-03-25,21839,247072,22324,287,2992,867,4726,13254,15464
2022-03-26,20923,242494,25467,228,3005,904,4142,12872,14765
2022-03-27,16863,233148,26171,238,2172,712,3379,10600,12050
2022-03-28,13336,220878,25552,189,2003,513,2503,8317,9256
2022-03-29,15215,211877,24152,250,2299,609,3071,9236,10605
2022-03-30,15941,206599,21186,168,2288,690,3135,9828,11186
2022-03-31,18560,206862,18253,187,2843,799,3420,11498,13048
2022-04-01,17476,206987,17321,164,2672,801,3167,10836,12108
2022-04-02,14692,201240,20383,218,2101,658,2656,9277,10363
2022-04-03,12380,192955,20635,462,1855,559,2316,7650,8596
2022-04-04,10002,179627,23302,98,1481,463,1973,6085,6960
2022-04-05,12017,171180,20431,59,1801,550,2160,7506,8483
2022-04-06,12105,162224,21029,43,1743,573,2286,7503,8417
2022-04-07,11994,157579,16603,25,1785,588,2291,7330,8323
2022-04-08,14944,158447,14045,104,1925,671,2724,9624,10564
2022-04-09,10177,153471,15132,53,1687,471,1924,6095,6983
2022-04-10,8112,145806,15765,25,1182,408,1657,4865,5499
2022-04-11,7739,134477,19049,23,1177,339,1480,4743,5287
2022-04-12,9002,126463,16986,52,1197,376,1885,5544,6213
2022-04-13,10052,120600,15893,21,1316,538,2145,6053,6865
2022-04-14,10413,117793,13202,27,1734,498,2250,5931,6874
2022-04-15,9673,113183,14267,25,1255,501,2371,5546,6303
2022-04-16,9705,108530,14346,30,1412,413,2171,5709,6258
2022-04-17,6623,103908,11233,13,794,305,1506,4018,4385
2022-04-18,7140,96609,14423,264,937,348,1563,4292,4801
2022-04-19,6069,92047,10619,110,670,325,1648,3426,3760
2022-04-20,6968,90732,8267,32,811,344,1812,4001,4504
2022-04-21,5899,88192,8434,16,745,282,1300,3572,3869
2022-04-22,6342,85411,9111,20,708,308,1508,3818,4238
2022-04-23,5624,80985,10041,17,675,313,1226,3410,3778
2022-04-24,4006,74760,10223,7,454,194,879,2479,2735
2022-04-25,2478,68015,9215,7,319,109,521,1529,1650
2022-04-26,3361,61879,9484,6,410,158,775,2018,2192
2022-04-27,3471,58444,6900,10,414,155,796,2106,2288
2022-04-28,2935,53784,7585,9,289,100,634,1912,2125
2022-04-29,2579,50302,6055,6,259,83,519,1718,1903
2022-04-30,2107,45514,6890,16,231,74,439,1363,1508
2022-05-01,1503,41175,5839,6,172,33,311,987,1086
2022-05-02,1352,36448,6074,4,167,30,229,926,1009
2022-05-03,922,31841,5520,1,97,39,170,616,619
2022-05-04,1054,28785,4107,1,162,100,191,601,558
2022-05-05,1278,27462,2599,3,162,66,202,848,894
2022-05-06,1251,25525,3181,9,152,23,207,869,941
2022-05-07,1372,23284,3610,5,157,31,269,915,1004
2022-05-08,2153,22564,2869,2,223,48,352,1530,1614
2022-05-09,2246,22376,2433,5,201,35,431,1579,1708
2022-05-10,2605,22961,2014,4,288,58,520,1739,1912
2022-05-11,3321,24858,1416,10,305,94,720,2202,2421
2022-05-12,3410,26834,1430,5,313,61,669,2367,2550
2022-05-13,3029,28742,1116,0,248,66,631,2084,2251
2022-05-14,2373,29770,1340,3,202,51,481,1639,1784
2022-05-15,2239,30743,1263,3,230,38,467,1504,1661
2022-05-16,1697,30887,1548,0,195,27,320,1155,1237
2022-05-17,1469,30517,1836,3,166,24,304,975,1047
2022-05-18,2017,29979,2548,4,163,36,419,1399,1521
2022-05-19,2124,29797,2303,1,214,32,439,1439,1590
2022-05-20,2063,29237,2618,3,203,37,454,1369,1488
2022-05-21,2021,28093,3162,1,173,34,403,1411,1463
2022-05-22,1817,26519,3389,3,176,43,357,1241,1285
2022-05-23,1544,25156,2905,3,115,31,323,1075,1140
2022-05-24,1918,24948,2124,22,161,23,403,1331,1397
2022-05-25,2430,25180,2192,12,167,39,466,1758,1833
2022-05-26,1845,25197,1825,9,185,15,353,1292,1396
2022-05-27,1877,25392,1680,4,212,32,389,1244,1289
2022-05-28,1645,25226,1809,1,147,22,363,1113,1209
2022-05-29,1155,24401,1975,3,94,16,232,813,843
2022-05-30,1325,23787,1935,2,148,15,269,893,939
2022-05-31,1451,23160,2071,6,125,19,318,989,1037
2022-06-01,1809,23056,1911,5,138,30,382,1259,1345
2022-06-02,1877,23216,1715,6,147,10,382,1338,1441
2022-06-03,1844,23054,2005,3,149,17,354,1324,1382
2022-06-04,1591,22455,2185,5,94,23,292,1182,1226
2022-06-05,1358,22191,1620,2,96,17,261,984,1043
2022-06-06,1330,21638,1881,4,105,13,224,988,1034
2022-06-07,1128,21210,1547,1,104,16,230,778,832
2022-06-08,1518,21597,1125,1,109,11,247,1151,1211
2022-06-09,1887,22082,1399,8,157,16,286,1428,1497
2022-06-10,2166,22759,1488,1,146,18,338,1664,1770
2022-06-11,1709,22720,1746,3,152,17,259,1281,1327
2022-06-12,1571,22403,1887,1,134,11,294,1132,1217
2022-06-13,2092,22615,1876,0,129,18,367,1578,1681
2022-06-14,1922,22969,1564,3,144,12,367,1399,1460
2022-06-15,2320,23894,1390,4,158,20,454,1688,1774
2022-06-16,2033,24585,1337,0,162,14,354,1503,1607
2022-06-17,2130,25634,1080,0,164,23,385,1558,1687
2022-06-18,2127,26370,1390,0,151,19,396,1561,1642
2022-06-19,1690,25952,2108,10,130,12,286,1262,1334
2022-06-20,2093,25960,2082,1,132,12,361,1588,1670
2022-06-21,1921,26163,1716,114,141,19,336,1425,1429
2022-06-22,2425,27034,1550,8,195,15,451,1764,1822
2022-06-23,2796,27326,2503,209,171,16,501,2108,2196
2022-06-24,2512,28255,1580,194,187,20,452,1853,1893
2022-06-25,2302,28018,2539,2,180,15,409,1698,1715
2022-06-26,2003,28159,1861,3,169,19,365,1450,1499
2022-06-27,1894,28101,1944,6,156,21,362,1355,1368
2022-06-28,2025,27755,2367,20,175,24,424,1402,1477
2022-06-29,2605,28722,1633,3,199,26,547,1833,1959
2022-06-30,2867,29442,2145,4,245,14,545,2063,2137
2022-07-01,2773,30225,1984,4,236,17,575,1945,2047
2022-07-02,2527,30393,2359,4,271,19,470,1767,1914
2022-07-03,2536,29801,3123,3,189,22,475,1850,1889
2022-07-04,1918,29390,2321,2,140,14,375,1389,1437
2022-07-05,2932,30027,2292,2,190,22,560,2160,2219
2022-07-06,3561,31548,2035,9,291,25,653,2592,2671
2022-07-07,4020,33847,1718,9,267,27,755,2971,3109
2022-07-08,3589,35206,2224,3,287,20,632,2650,2773
2022-07-09,2799,35331,2666,2,247,18,489,2045,2096
2022-07-10,3264,35890,2703,5,251,24,554,2435,2480
2022-07-11,2417,35766,2536,4,216,15,460,1726,1781
2022-07-12,2345,35724,2384,3,196,16,428,1705,1729
2022-07-13,3934,36902,2747,7,259,10,726,2939,2996
2022-07-14,4098,38921,2071,5,324,25,701,3048,3146
2022-07-15,5230,41216,2927,11,339,34,928,3929,4082
2022-07-16,5047,42489,3770,3,376,30,913,3728,3871
2022-07-17,3936,42519,3899,1,321,14,688,2913,3009
2022-07-18,3080,42193,3399,1,240,22,576,2242,2251
2022-07-19,3902,43152,2935,4,345,23,783,2751,2787
2022-07-20,5685,45492,3337,2,391,36,947,4311,4396
2022-07-21,4587,47417,2652,11,382,19,840,3346,3425
2022-07-22,3880,48676,2607,7,319,28,717,2816,2883
2022-07-23,4816,49555,3928,2,340,28,851,3597,3839
2022-07-24,2720,48260,4012,5,288,23,509,1900,1954
2022-07-25,3300,46324,5227,2,309,20,635,2336,2369
2022-07-26,4759,46268,4806,3,354,32,890,3483,3564
2022-07-27,4503,46914,3847,6,354,17,819,3313,3425
2022-07-28,3926,47294,3542,23,370,25,761,2770,2924
2022-07-29,4860,48308,3836,11,366,13,921,3560,3764
2022-07-30,4271,47022,5553,3,334,28,795,3114,3235
2022-07-31,2783,45314,4482,3,319,25,519,1920,2005
2022-08-01,3213,44672,3847,11,298,28,587,2300,2336
2022-08-02,4204,44286,4582,3,338,28,789,3049,3145
2022-08-03,5330,46531,3075,13,418,34,993,3885,4105
2022-08-04,4413,47542,3394,6,395,26,820,3172,3321
2022-08-05,3927,46514,4949,14,373,23,785,2746,2890
2022-08-06,4684,46912,4275,5,371,31,878,3404,3620
2022-08-07,2728,45778,3856,2,311,16,560,1841,1928
2022-08-08,2863,43883,4752,2,323,25,580,1935,2068
2022-08-09,3083,42725,4229,3,323,20,648,2092,2238
2022-08-10,4896,44630,2979,2,426,33,1030,3407,3695
2022-08-11,4831,46089,3362,6,482,29,926,3394,3614
2022-08-12,3943,45383,4645,1,377,31,898,2637,2890
2022-08-13,4334,44625,5082,6,352,26,841,3115,3321
2022-08-14,3045,43439,4226,5,297,22,600,2126,2254
2022-08-15,2437,42210,3658,6,282,17,531,1607,1746
2022-08-16,3429,40748,4882,6,364,23,717,2325,2509
2022-08-17,3516,41708,2541,3,336,38,757,2385,2568
2022-08-18,4071,42483,3289,2,364,24,791,2892,3080
2022-08-19,3490,42774,3193,3,363,25,748,2354,2541
2022-08-20,2798,40897,4669,5,286,20,592,1900,2091
2022-08-21,2464,38925,4427,16,245,12,512,1695,1833
2022-08-22,2078,37703,3290,12,262,19,438,1359,1462
2022-08-23,2722,35558,4856,5,277,16,637,1792,1976
2022-08-24,2636,34977,3206,5,327,13,580,1716,1899
2022-08-25,3206,35995,2180,4,278,11,691,2226,2483
2022-08-26,3118,35744,3363,7,305,23,641,2149,2370
2022-08-27,2491,34515,3715,0,240,8,533,1710,1873
2022-08-28,2191,32908,3796,1,220,10,432,1529,1637
2022-08-29,1946,31575,3271,1,247,8,400,1291,1405
2022-08-30,2144,31166,2549,3,205,12,481,1446,1596
2022-08-31,2340,30998,2502,2,234,9,479,1618,1790
2022-09-01,2356,31470,1875,5,217,18,467,1654,1800
2022-09-02,2328,31171,2618,3,198,15,482,1633,1743
2022-09-03,2244,30204,3202,4,180,19,467,1578,1742
2022-09-04,1904,28968,3138,1,182,8,356,1358,1424
2022-09-05,1486,27553,2897,2,160,4,284,1038,1105
2022-09-06,2067,27335,2279,4,186,8,423,1450,1568
2022-09-07,2428,27083,2673,2,206,11,471,1740,1940
2022-09-08,2226,27407,1894,2,205,12,411,1598,1768
2022-09-09,1990,27377,2016,2,180,9,370,1431,1557
2022-09-10,1971,26956,2389,7,213,13,348,1397,1518
2022-09-11,1483,26346,2090,2,157,5,298,1023,1108
2022-09-12,1847,26040,2148,7,191,3,371,1282,1398
2022-09-13,1942,25700,2276,9,178,10,389,1365,1460
2022-09-14,2431,26306,1820,8,232,14,471,1714,1827
2022-09-15,2375,27212,1466,11,218,6,488,1663,1816
2022-09-16,1977,27165,2018,2,211,9,396,1361,1469
2022-09-17,1572,26039,2695,3,160,9,276,1127,1205
2022-09-18,1639,25618,2056,9,168,11,307,1153,1234
2022-09-19,1307,25090,1830,4,144,9,256,898,954
2022-09-20,1667,24722,2028,2,200,13,323,1131,1188
2022-09-21,2111,25334,1493,5,195,6,421,1489,1608
2022-09-22,2245,25666,1901,6,219,13,451,1562,1697
2022-09-23,2070,25724,2009,3,174,12,385,1499,1539
2022-09-24,1924,25285,2360,0,160,3,406,1355,1459
2022-09-25,1608,24539,2352,2,143,10,310,1145,1221
2022-09-26,1186,24028,1690,1,153,5,266,762,854
2022-09-27,1552,23890,1684,5,195,6,324,1027,1119
2022-09-28,2445,24720,1613,2,185,16,484,1760,1904
2022-09-29,1867,25181,1402,4,191,9,372,1295,1353
2022-09-30,2007,25776,1407,12,169,9,370,1459,1521
2022-10-01,1626,25016,2386,5,169,9,328,1120,1162
2022-10-02,1360,24104,2271,1,122,2,240,996,1053
2022-10-03,1244,23338,2005,4,122,5,234,883,948
2022-10-04,1483,22964,1852,4,151,8,289,1035,1123
2022-10-05,1722,23045,1639,8,143,5,335,1239,1348
2022-10-06,1794,23608,1227,5,145,6,346,1297,1380
2022-10-07,1788,23884,1509,6,177,11,334,1266,1382
2022-10-08,1627,23128,2379,3,161,12,283,1171,1214
2022-10-09,1453,22779,1800,8,149,7,262,1035,1125
2022-10-10,1241,22174,1843,1,92,5,236,908,978
2022-10-11,1291,21870,1592,2,112,6,249,924,987
2022-10-12,1628,22152,1345,7,131,2,290,1205,1260
2022-10-13,2090,22811,1428,4,186,6,357,1541,1648
2022-10-14,2231,23564,1473,6,190,11,405,1625,1777
2022-10-15,2023,23888,1699,13,166,8,370,1479,1575
2022-10-16,1712,23899,1699,2,144,6,302,1260,1335
2022-10-17,1210,23077,2026,1,117,5,262,826,904
2022-10-18,1873,23432,1515,4,159,6,321,1387,1503
2022-10-19,2295,24338,1386,4,176,12,441,1666,1823
2022-10-20,2561,25643,1248,8,191,13,487,1870,2062
2022-10-21,2256,26533,1363,6,185,7,428,1636,1719
2022-10-22,2618,27306,1841,7,198,6,440,1974,2122
2022-10-23,2054,27385,1975,1,142,7,344,1561,1631
2022-10-24,1737,27001,2118,1,134,8,279,1316,1375
2022-10-25,1743,26804,1935,1,129,9,330,1275,1392
2022-10-26,2136,27239,1695,3,146,9,345,1636,1722
2022-10-27,2762,28726,1271,8,211,6,461,2084,2281
2022-10-28,3296,30061,1960,10,217,15,551,2513,2655
2022-10-29,3189,30708,2541,3,229,13,558,2389,2580
2022-10-30,3129,31371,2464,6,188,8,519,2414,2596
2022-10-31,2913,31442,2833,7,239,13,523,2138,2309
2022-11-01,2913,31753,2599,11,265,12,554,2082,2291
2022-11-02,3969,33024,2696,2,277,18,747,2927,3238
2022-11-03,4711,34604,3120,7,296,13,891,3511,3848
2022-11-04,4360,35534,3429,4,286,16,913,3145,3499
2022-11-05,4621,36577,3577,2,296,14,949,3362,3649
2022-11-06,3913,36711,3774,4,304,21,782,2806,3084
2022-11-07,2521,34710,4514,2,240,11,508,1762,1970
2022-11-08,3781,35593,2889,3,240,14,858,2669,2934
2022-11-09,3267,34903,3947,2,239,8,862,2158,2477
2022-11-10,3436,34039,4292,3,284,20,813,2319,2648
2022-11-11,3245,33072,4208,3,272,22,782,2169,2412
2022-11-12,2882,31215,4730,1,247,7,726,1902,2141
2022-11-13,2234,29611,3836,2,221,14,467,1532,1687
2022-11-14,1749,28790,2564,1,163,10,393,1183,1336
2022-11-15,2852,27920,3710,3,230,16,647,1959,2195
2022-11-16,3304,28171,3045,4,237,14,803,2250,2493
2022-11-17,3457,27883,3736,2,274,22,767,2394,2741
2022-11-18,3037,27717,3198,3,314,17,669,2037,2379
2022-11-19,2450,27162,3000,0,192,9,456,1793,1987
2022-11-20,1633,26804,1989,3,221,6,287,1119,1229
2022-11-21,2121,27147,1764,0,249,8,421,1443,1680
2022-11-22,2516,27009,2643,3,241,18,526,1731,1916
2022-11-23,3537,27219,3319,7,298,18,724,2497,2800
2022-11-24,2877,26862,3226,3,309,12,715,1841,2161
2022-11-25,3024,26909,2969,7,329,15,680,2000,2330
2022-11-26,2898,27014,2789,2,311,15,646,1926,2142
2022-11-27,2022,27213,1819,0,201,6,472,1343,1527
2022-11-28,2465,27644,2029,1,174,13,516,1762,2000
2022-11-29,1672,26584,2722,1,171,7,352,1142,1303
2022-11-30,1737,24966,3338,1,195,10,398,1134,1269
2022-12-01,2375,24473,2857,4,261,8,638,1468,1711
2022-12-02,2421,24059,2826,2,239,9,541,1632,1867
2022-12-03,1866,23105,2814,6,180,11,384,1291,1417
2022-12-04,1502,22511,2093,1,138,8,299,1057,1178
2022-12-05,1576,21806,2278,1,167,13,329,1067,1159
2022-12-06,1649,21764,1675,3,190,6,324,1129,1200
2022-12-07,1682,22012,1428,2,168,8,386,1120,1265
2022-12-08,1616,21479,2145,1,179,8,353,1076,1184
2022-12-09,1597,20474,2596,5,167,5,352,1073,1195
2022-12-10,1315,19183,2601,1,158,5,250,902,999
2022-12-11,867,18727,1313,1,106,4,193,564,614
2022-12-12,809,17978,1552,4,97,1,161,550,575
2022-12-13,1040,17553,1456,2,124,4,224,688,782
2022-12-14,1241,17221,1567,3,124,9,212,896,955
2022-12-15,1161,16817,1562,3,129,3,198,831,906
2022-12-16,1138,16527,1420,2,123,6,213,796,871
2022-12-17,993,16055,1460,2,112,7,181,693,770
2022-12-18,847,15742,1154,2,74,3,154,616,624
2022-12-19,721,15547,914,3,86,2,145,488,516
2022-12-20,816,15417,940,1,82,3,147,584,650
2022-12-21,984,14860,1534,2,89,4,164,727,779
2022-12-22,858,14601,1114,1,99,3,138,618,674
2022-12-23,902,14393,1104,5,98,2,147,655,722
2022-12-24,766,14132,1026,0,80,5,138,543,602
2022-12-25,609,14004,737,2,74,3,122,410,456
2022-12-26,480,13825,655,7,51,4,71,354,345
2022-12-27,423,13408,834,2,51,6,79,287,286
2022-12-28,480,12927,957,6,68,0,99,313,331
2022-12-29,679,12677,923,4,85,3,95,496,524
2022-12-30,583,12329,930,7,77,2,102,402,442
2022-12-31,513,12008,833,4,52,1,100,360,364
2023-01-01,420,11877,547,3,54,0,61,305,305
2023-01-02,360,11813,423,1,49,4,79,228,257
2023-01-03,333,11769,376,1,44,1,79,209,226
2023-01-04,433,11702,500,4,58,0,88,287,321
2023-01-05,571,11570,696,1,70,8,112,381,407
2023-01-06,543,10631,1478,4,71,3,84,385,408
2023-01-07,571,10647,551,4,65,5,106,395,441
2023-01-08,405,10610,441,8,55,5,73,272,291
2023-01-09,383,10630,355,2,44,2,77,260,274
2023-01-10,380,10628,373,11,51,1,60,268,282
2023-01-11,367,10588,398,2,56,3,69,239,236
2023-01-12,383,10342,625,2,50,2,73,258,274
2023-01-13,320,10153,506,2,42,1,52,225,223
2023-01-14,287,9850,590,1,33,3,62,189,207
2023-01-15,244,9693,401,2,28,1,47,168,174
2023-01-16,227,9547,367,4,24,1,42,160,168
2023-01-17,350,9543,349,4,40,4,70,236,248
2023-01-18,371,9606,304,1,36,2,67,266,269
2023-01-19,318,9593,331,1,40,2,70,206,235
2023-01-20,285,9571,300,5,30,1,42,212,198
2023-01-21,293,9536,326,0,43,0,39,211,200
2023-01-22,309,9553,292,1,53,5,81,170,239
2023-01-23,142,9428,267,1,15,0,29,98,103
2023-01-24,101,9214,315,1,14,0,17,70,76
2023-01-25,132,8999,346,2,25,1,24,82,89
2023-01-26,172,8843,325,1,28,3,38,103,116
2023-01-27,236,8765,312,3,38,2,46,150,161
2023-01-28,258,8712,309,2,23,0,47,188,206
2023-01-29,269,8696,285,3,40,2,30,197,193
2023-01-30,202,8755,141,4,27,2,32,141,153
2023-01-31,251,8901,105,0,26,2,47,176,186
2023-02-01,325,9113,113,2,28,2,82,213,239
2023-02-02,324,9289,148,4,34,0,48,242,256
2023-02-03,340,9213,416,1,28,1,59,252,256
2023-02-04,202,9139,275,6,22,1,38,141,136
2023-02-05,211,8561,789,2,33,0,45,133,144
2023-02-06,175,7722,1013,1,29,0,35,111,125
2023-02-07,184,7651,253,3,22,1,25,136,125
2023-02-08,189,7561,279,1,34,0,16,139,133
2023-02-09,269,7455,375,1,35,3,42,189,194
2023-02-10,255,7400,306,3,21,2,35,197,207
2023-02-11,259,7268,390,5,29,2,47,181,188
2023-02-12,160,7070,358,1,18,1,31,110,117
2023-02-13,164,6979,254,2,17,0,29,118,119
2023-02-14,200,7023,155,1,23,3,40,134,149
2023-02-15,237,7044,215,1,23,1,41,172,181
2023-02-16,281,7068,257,1,25,4,59,193,225
2023-02-17,241,7074,235,1,27,0,32,182,188
2023-02-18,212,6975,310,1,20,1,28,163,172
2023-02-19,186,7002,158,5,24,1,20,141,151
2023-02-20,167,6999,169,7,18,0,30,119,129
2023-02-21,184,6991,192,3,21,1,27,135,144
2023-02-22,229,6993,227,0,17,1,33,178,177
2023-02-23,224,6939,278,1,22,0,33,169,177
2023-02-24,204,6889,254,5,19,0,34,151,168
2023-02-25,173,6843,219,3,10,2,27,134,143
2023-02-26,207,6875,175,1,24,2,43,138,158
2023-02-27,190,6888,177,2,24,2,28,136,122
2023-02-28,206,6917,176,5,29,0,36,141,157
2023-03-01,217,6899,233,0,18,0,38,161,173
2023-03-02,244,7138,0,2,20,2,31,191,193
2023-03-03,204,7129,213,4,22,1,32,149,157
2023-03-04,170,7121,178,2,18,2,24,126,129
2023-03-05,164,6464,820,2,14,0,23,127,128
2023-03-06,188,6471,181,3,24,0,33,131,139
2023-03-07,226,6495,202,3,18,2,34,172,176
2023-03-08,235,6513,216,6,16,0,29,190,189
2023-03-09,279,6556,236,6,28,1,46,204,224
2023-03-10,251,6610,197,1,28,0,31,192,205
2023-03-11,223,6640,193,3,26,0,34,163,178
2023-03-12,227,6699,167,3,22,1,33,171,179
2023-03-13,217,6745,171,0,26,0,37,154,162
2023-03-14,269,6781,231,2,21,1,38,209,201
2023-03-15,273,6801,252,6,22,1,43,207,223
2023-03-16,311,6850,261,4,38,4,55,214,255
2023-03-17,281,6882,249,0,26,0,54,201,231
2023-03-18,270,6917,235,3,18,0,44,208,228
2023-03-19,257,6955,219,1,24,2,43,188,193
2023-03-20,197,6926,224,5,33,0,42,122,144
2023-03-21,320,6962,284,1,33,2,58,227,246
2023-03-22,367,7031,297,2,33,3,71,260,286
2023-03-23,346,7096,281,3,46,1,64,235,274
2023-03-24,386,7210,269,2,33,1,71,281,303
2023-03-25,355,7307,257,1,40,4,54,257,273
2023-03-26,327,7634,0,2,35,4,53,235,262
2023-03-27,226,7858,0,1,33,2,44,147,158
2023-03-28,357,7884,330,2,47,1,56,253,270
2023-03-29,461,7982,362,6,60,1,125,275,321
2023-03-30,493,8138,337,0,50,5,161,277,313
2023-03-31,606,8347,397,0,47,8,206,345,368
2023-04-01,599,8570,375,4,53,3,201,342,351
2023-04-02,430,8673,327,1,42,0,122,266,313
2023-04-03,458,8900,229,2,43,6,123,286,305
2023-04-04,611,9149,359,3,47,4,236,324,358
2023-04-05,747,9399,496,0,83,12,214,438,487
2023-04-06,805,10199,0,0,74,0,246,485,537
2023-04-07,797,10399,596,1,70,3,206,518,544
2023-04-08,726,10541,584,0,84,6,185,451,478
2023-04-09,517,10639,419,2,57,2,113,345,376
2023-04-10,539,10710,467,0,60,0,106,373,399
2023-04-11,598,11307,0,3,56,6,145,391,422
2023-04-12,900,11517,690,0,76,6,262,556,627
2023-04-13,875,11602,790,1,99,3,202,571,632
2023-04-14,839,11657,783,2,83,3,172,581,621
2023-04-15,881,11777,760,0,71,4,225,581,644
2023-04-16,739,11982,534,0,59,3,194,483,509
2023-04-17,490,11915,554,0,36,1,103,350,398
2023-04-18,790,12032,669,4,77,5,162,546,542
2023-04-19,784,11959,855,0,91,3,150,540,574
2023-04-20,750,11892,817,5,85,1,118,546,577
2023-04-21,702,11741,852,0,69,5,130,498,542
2023-04-22,562,11421,881,2,70,2,67,423,417
2023-04-23,449,11152,718,1,52,0,53,344,353
2023-04-24,387,11059,480,0,51,1,59,276,291
2023-04-25,561,10835,782,3,77,4,106,374,393
2023-04-26,617,10640,809,2,86,0,89,442,455
2023-04-27,832,10706,762,4,89,2,143,598,631
2023-04-28,1067,11098,673,0,115,3,166,783,809
2023-04-29,1050,11548,600,1,102,0,167,781,801
2023-04-30,968,12046,469,1,123,7,178,660,729
2023-05-01,793,12436,401,2,85,6,147,555,587
2023-05-02,793,13225,0,1,98,2,147,546,572
2023-05-03,1353,14573,0,1,160,5,304,884,1008
2023-05-04,1409,15068,913,1,152,7,296,954,1048
2023-05-05,1170,15232,1003,5,122,5,223,820,864
2023-05-06,1110,15228,1112,3,129,4,214,763,817
2023-05-07,977,15288,917,2,96,6,199,676,735
2023-05-08,1046,15523,809,0,121,1,190,734,782
2023-05-09,1261,16780,0,3,164,4,237,856,875
2023-05-10,1433,16876,1333,3,168,6,283,976,1060
2023-05-11,1329,18200,0,3,168,3,266,892,978
2023-05-12,1322,19520,0,5,120,14,335,853,906
2023-05-13,1205,19472,1248,5,145,5,215,840,890
2023-05-14,740,19328,883,3,82,4,189,465,507
2023-05-15,740,19035,1029,1,73,2,147,518,521
2023-05-16,1064,18803,1288,5,107,5,227,725,778
2023-05-17,1019,18466,1353,5,113,5,218,683,777
2023-05-18,1119,18334,1249,1,120,7,225,767,814
2023-05-19,971,17993,1309,3,96,6,180,689,710
2023-05-20,786,17504,1272,2,85,1,123,577,590
2023-05-21,749,17503,745,0,84,3,147,515,536
2023-05-22,653,17397,758,1,78,2,172,401,412
2023-05-23,947,17286,1056,1,105,7,154,681,706
2023-05-24,1001,17237,1048,1,121,3,196,681,729
2023-05-25,843,17022,1056,2,89,3,165,586,634
2023-05-26,826,16890,954,2,92,1,166,567,606
2023-05-27,782,16892,779,1,110,3,131,538,563
2023-05-28,582,16743,731,0,52,2,93,435,452
2023-05-29,513,16595,657,1,67,2,87,357,377
2023-05-30,779,16465,905,2,92,3,141,543,560
2023-05-31,745,16248,959,1,73,2,105,565,581
2023-06-01,666,16912,0,3,73,4,92,497,527
2023-06-02,669,17579,0,1,65,3,104,497,511
2023-06-03,569,17303,845,2,66,0,90,413,404
2023-06-04,460,16697,1063,0,52,3,92,313,353
2023-06-05,344,16509,532,1,37,3,59,245,264
2023-06-06,427,16183,752,1,65,2,76,284,295
2023-06-07,660,16841,0,0,71,2,109,478,503
2023-06-08,681,17521,0,1,94,2,128,457,519
2023-06-09,624,18143,0,2,59,5,105,455,486
2023-06-10,618,18134,626,1,67,4,98,449,446
2023-06-11,512,18202,441,0,65,3,96,348,403
2023-06-12,352,18180,372,0,39,1,61,251,236
2023-06-13,573,18302,451,1,79,2,97,395,419
2023-06-14,536,18194,643,1,73,0,95,368,401
2023-06-15,466,18031,628,0,45,4,86,331,345
2023-06-16,594,17971,651,0,58,2,80,454,464
2023-06-17,400,17741,630,0,42,2,53,303,306
2023-06-18,366,17645,462,1,39,2,68,257,256
2023-06-19,284,17385,542,0,38,1,51,194,195
2023-06-20,416,17143,655,2,55,2,72,287,299
2023-06-21,449,16922,668,0,49,5,89,306,311
2023-06-22,417,16743,596,0,54,2,76,285,302
2023-06-23,425,16504,661,0,36,4,74,311,323
2023-06-24,341,16303,541,1,34,3,62,242,253
2023-06-25,278,16029,552,0,39,2,50,187,199
2023-06-26,160,15874,315,0,25,1,30,104,99
2023-06-27,282,15720,436,2,42,1,47,192,208
2023-06-28,252,15528,444,0,34,2,39,177,186
2023-06-29,223,15334,417,0,31,1,32,159,179
2023-06-30,182,15118,398,2,22,2,27,131,129
2023-07-01,171,14954,333,0,20,0,16,135,131
2023-07-02,121,14827,248,0,15,0,29,77,85
2023-07-03,180,14862,145,0,25,2,34,119,124
2023-07-04,175,14710,325,2,23,2,30,120,124
2023-07-05,199,14656,253,0,25,0,42,132,152
2023-07-06,224,13918,960,0,32,0,45,147,155
2023-07-07,184,13920,180,1,27,1,37,119,132
2023-07-08,139,13892,167,1,19,0,24,96,105
2023-07-09,137,13915,114,0,16,4,32,85,97
2023-07-10,142,13883,174,1,16,2,28,96,102
2023-07-11,178,13877,182,0,29,0,37,112,125
2023-07-12,200,13886,191,1,27,0,39,134,135
2023-07-13,170,13815,241,0,12,1,41,116,123
2023-07-14,202,13835,182,0,21,0,47,134,158
2023-07-15,173,13867,141,0,17,0,38,118,127
2023-07-16,140,13885,122,0,26,1,22,91,97
2023-07-17,122,13854,153,0,10,0,29,83,90
2023-07-18,156,13795,215,0,25,2,34,95,107
2023-07-19,159,13791,162,0,21,0,27,111,116
2023-07-20,123,13754,159,0,12,1,25,85,94
2023-07-21,129,13687,196,0,23,0,26,80,89
2023-07-22,129,13626,189,0,16,1,23,89,95
2023-07-23,96,13604,118,0,11,0,13,72,73
2023-07-24,102,13586,119,1,18,0,28,56,68
2023-07-25,139,13555,170,0,18,0,21,100,95
2023-07-26,171,13570,156,0,20,0,32,119,127
2023-07-27,177,13586,161,0,27,2,40,108,107
2023-07-28,119,13582,123,1,13,1,29,76,92
2023-07-29,130,13597,115,0,21,1,29,79,90
2023-07-30,58,13552,103,0,10,1,6,41,41
2023-07-31,65,13514,103,0,9,0,16,40,46
2023-08-01,117,13482,149,0,17,0,23,77,80
2023-08-02,117,13439,160,0,20,0,20,77,82
2023-08-03,104,13366,177,0,13,0,12,79,81
2023-08-04,129,13384,110,0,22,0,14,93,101
2023-08-05,105,13361,128,0,12,0,19,74,84
2023-08-06,73,12734,700,0,9,0,14,50,58
2023-08-07,57,12707,84,0,8,0,16,33,35
2023-08-08,67,12661,113,0,11,1,14,41,49
2023-08-09,97,12647,111,0,15,0,20,62,66
2023-08-10,109,12655,101,1,12,0,26,71,78
2023-08-11,106,12624,137,0,12,0,29,65,74
2023-08-12,73,12601,96,0,12,0,7,54,53
2023-08-13,77,12607,71,0,10,1,10,56,61
2023-08-14,75,12617,65,1,14,1,16,44,50
2023-08-15,106,12653,70,0,13,1,20,72,79
2023-08-16,131,12690,94,0,16,0,27,88,94
2023-08-17,94,12673,111,0,10,0,18,66,75
2023-08-18,113,12676,110,2,19,0,20,74,86
2023-08-19,114,12725,65,0,18,1,23,72,83
